SKU,Product Name (TH),Product Name (EN),Product Name (ZH),Description (TH),Description (EN),Description (ZH),Price,Compare At Price,Cost,Stock,Weight,Length,Width,Height,Parent Category,Category,Tags,Status,Featured,Image URLs,Category Level 1,Category Level 2,Category Level 3
it-qcon-1,อิฐมวลเบาคิวคอน ชั้นคุณภาพ 2 หนา 7.5 ซม.,,,"อิฐมวลเบาคิวคอน เหมาะสำหรับใช้ก่อผนังได้ทั้งภายในและภายนอก มีคุณสมบัติพิเศษ “กันร้อน กันเสียง กันไฟ” ช่วยให้บ้านของคุณแข็งแรง ปลอดภัย และมีอายุการใช้งานยาวนาน

Q-CON ช่วยประหยัดพลังงาน กันความร้อนได้ดีช่วยประหยัดค่าใช้จ่าย จากขนาดเครื่องปรับอากาศที่เล็กลง และลดค่าไฟฟ้าได้ถึง 30% คุณสมบัติพิเศษของ Q-CON ช่วยกันเสียงได้ดี ลดทอนความดังของเสียงที่ทะลุผ่านระหว่างห้องและเสียงจากภายนอกอาคารได้อย่างดี นอกจากนี้ Q-CON ไม่ติดไฟ และเป็นยอมรับในด้านคุณสมบัติการกันไฟ สามารถกันไฟได้นานถึง 4 ชั่วโมง

น้ำหนัก : 6.29 - 7.69 กก. น้ำหนักต่อตร.ม. : 52.4475 - 64.1025 กก.",,,25,,,888,,,,,วัสดุก่อสร้าง,อิฐ - บล็อคปูนพื้น,,,,product-images\qcon-1.jpeg,,,
mortar1,เสือ ปูนซีเมนต์ ฉาบสูตรพิเศษ 40 กก.,,,"เสือ ปูนซีเมนต์ ฉาบสูตรพิเศษ 40 กก. เป็นปูนซีเมนต์ผสมที่ได้รับการพัฒนาขึ้นมาเพื่องานฉาบโดยเฉพาะ ใช้สำหรับฉาบอิฐมอญและอิฐบล็อก โดยมีคุณสมบัติเด่นคือช่วยให้ผนังที่ได้เรียบเนียนสวยงาม ไม่แตกร้าว และทำให้การฉาบลื่น เบาแรง ทำงานง่าย ประหยัดเวลา ที่สำคัญคือไม่ต้องใส่น้ำยาช่วยฉาบเพิ่มเติม

ข้อมูลผลิตภัณฑ์ ปูนซีเมนต์ผสม
ชื่อผลิตภัณฑ์: เสือ ซีเมนต์ ฉาบสูตรพิเศษ “เสือพลัส”
ประเภท: ปูนซีเมนต์ผสมสำหรับงานฉาบโดยเฉพาะ
ขนาดบรรจุ: 40 กก./ถุง
ขนาดถุง (โดยประมาณ): 41 x 60 x 12 ซม.
วัสดุ: ซีเมนต์
บรรจุภัณฑ์: ถุงลามิเนต 3 ชั้น ช่วยป้องกันความชื้นและแรงกระแทก รักษาคุณภาพปูนให้สดใหม่เสมอ
มาตรฐาน: ได้รับการรับรองตามมาตรฐาน มอก. 2595-2556 และสอดคล้องตามมาตรฐาน Masonry Cement ของสหรัฐอเมริกา ASTM C 91 Type S",,,,,,,,,,,,,,,,product-images\product_452_images_409947_ZBAB11302D40K3-01.jpeg,วัสดุก่อสร้าง,ปูน - ซีเมนต์ - วัสดุเทพื้น,ปูนก่อ - ฉาบ
mortar2,เสือ ปูนซีเมนต์ผสม ก่อ ฉาบ เท 50 กก.,,,"เสือ ปูนซีเมนต์ผสม ก่อ ฉาบ เท 50 กก. ปูนซีเมนต์ผสม ปูนชนิดนี้ประกอบด้วย ปูนซีเมนต์ ทราย และน้ำ และต้องนำไปผสมกับทรายและน้ำในสัดส่วนที่เหมาะสมก่อนใช้งาน เป็นปูนอเนกประสงค์ที่มีคุณสมบัติ เหนียวลื่น ยึดเกาะอิฐและผนังได้ดี และมีการแห้งตัวที่พอเหมาะ ช่วยลดการแตกร้าวที่ผิวผนัง

ข้อมูลผลิตภัณฑ์
แบรนด์: ตราเสือ
ประเภท: ปูนซีเมนต์ผสม
น้ำหนักบรรจุ: 50 กก.",,,,,,,,,,,,,,,,product-images\product_446_images_409943_ZBAB11102D50K3-01.jpeg,วัสดุก่อสร้าง,ปูน - ซีเมนต์ - วัสดุเทพื้น,ปูนก่อ - ฉาบ
mortar3,เสือ ซูเปอร์ ปูนซีเมนต์ผสม ก่อ ฉาบ เท 40 กก.,,,"ปูนเสือ ซูเปอร์ ปูนซีเมนต์ผสม ก่อ ฉาบ เท 40 กก. เป็นผลิตภัณฑ์ปูนซีเมนต์ผสมสูตรพิเศษจาก SCG ได้รับการพัฒนาขึ้นเป็นพิเศษเพื่อให้ได้เนื้อปูนที่เข้มข้น และมีคุณสมบัติอเนกประสงค์ สามารถใช้งานได้หลากหลายในงานก่อสร้างทั่วไป โดยเฉพาะอย่างยิ่งสำหรับงานที่ไม่ต้องการรับน้ำหนักมาก ปูนชนิดนี้ใช้ได้ทั้งงานก่ออิฐ งานฉาบผนัง และงานเทโครงสร้างขนาดเล็ก จึงเป็น “ปูนเข้มตัวจริง” และ “ซูเปอร์ตัวจริง” ที่เป็นให้ได้ทุกอย่าง

ข้อมูลผลิตภัณฑ์ ปูนซีเมนต์ผสม
แบรนด์: ตราเสือ
ประเภท: ปูนซีเมนต์ผสม หรือที่เรียกกันทั่วไปว่า “ปูนเขียว”
ขนาดบรรจุ: 40 กิโลกรัม/ถุง เมื่อผสมทรายและน้ำแล้ว สามารถใช้ได้เทียบเท่าปูนขนาด 50 กิโลกรัม
มาตรฐาน: ได้รับการรับรองมาตรฐานผลิตภัณฑ์อุตสาหกรรม (มอก.) 80-2550 สำหรับปูนซีเมนต์ผสม
รหัสสินค้า: 8852437101513
ลักษณะบรรจุภัณฑ์: บรรจุในถุงพลาสติก ซึ่งช่วยป้องกันความชื้นและทนทานต่อแรงกระแทก",,,,,,,,,,,,,,,,product-images\product_196186_images_409945_ZBAB11212D40K3-01.jpeg,วัสดุก่อสร้าง,ปูน - ซีเมนต์ - วัสดุเทพื้น,ปูนก่อ - ฉาบ
mortar4,เสือ สกิมโคท ปูนซีเมนต์สำเร็จรูป คาร์บอนต่ำ สีขาว,,,"เสือ สกิมโคท ปูนซีเมนต์สำเร็จรูป คาร์บอนต่ำ สีขาว ปูนซีเมนต์สำเร็จรูป สำหรับงานฉาบแต่งผิวเนียนพิเศษ ให้ผิวผนังที่เรียบเนียนพิเศษ สามารถผสมน้ำและใช้งานได้ทันทีโดยไม่ต้องผสมทราย ช่วยให้ทำงานสะดวกและควบคุมขั้นตอนการทำงานได้ดีขึ้น

คุณสมบัติและการใช้งาน เสือ สกิมโคท ปูนซีเมนต์สำเร็จรูป คาร์บอนต่ำ สีขาว
สำหรับงานฉาบแต่งผิวเรียบเนียนพิเศษ ที่ความหนา 0.5-3.0 มม.
เนื้อซีเมนต์เป็นสีขาว
สามารถฉาบปิดผิวผนังมีรูตามด รอยตะเข็บ และรอยเม็ดทราย
สามารถฉาบได้บนผนังปูนฉาบ ผนังคอนกรีต ผนังสำเร็จรูป รวมถึงแผ่นไฟเบอร์ซีเมนต์และแผ่นซีเมนต์บอร์ด
ขนาดมวลสุทธิ 20 กิโลกรัม
ความหนา 0.5-3.0 มิลลิเมตร ฉาบได้พื้นที่ประมาณ 25 ตารางเมตร",,,,,,,,,,,,,,,,product-images\product_192282_images_394743_ZBBTM6192D20K3-01.jpeg,วัสดุก่อสร้าง,ปูน - ซีเมนต์ - วัสดุเทพื้น,ปูนก่อ - ฉาบ
mortar5,เสือ สกิมโคท ปูนซีเมนต์สำเร็จรูป คาร์บอนต่ำ สีเทา,,,"เสือ สกิมโคท ปูนซีเมนต์สำเร็จรูป คาร์บอนต่ำ สีเทา ปูนซีเมนต์สำเร็จรูป สำหรับงานฉาบแต่งผิวเนียนพิเศษ ให้ผิวผนังที่เรียบเนียนพิเศษ สามารถผสมน้ำและใช้งานได้ทันทีโดยไม่ต้องผสมทราย ช่วยให้ทำงานสะดวกและควบคุมขั้นตอนการทำงานได้ดีขึ้น

คุณสมบัติและการใช้งาน เสือ สกิมโคท ปูนซีเมนต์สำเร็จรูป คาร์บอนต่ำ สีเทา
สำหรับงานฉาบแต่งผิวเรียบเนียนพิเศษ ที่ความหนา 0.5-3.0 มม.
เนื้อซีเมนต์เป็นสีเทา
สามารถฉาบปิดผิวผนังมีรูตามด รอยตะเข็บ และรอยเม็ดทราย
สามารถฉาบได้บนผนังปูนฉาบ ผนังคอนกรีต ผนังสำเร็จรูป รวมถึงแผ่นไฟเบอร์ซีเมนต์และแผ่นซีเมนต์บอร์ด
ขนาดมวลสุทธิ 20 กิโลกรัม
ความหนา 0.5-3.0 มิลลิเมตร ฉาบได้พื้นที่ประมาณ 25 ตารางเมตร
เสือ สกิมโคท ปูนซีเมนต์สำเร็จรูป คาร์บอนต่ำ สีเทา ดีอย่างไร
เนื้อปูนมีความละเอียดเรียบกว่าปูนฉาบชนิดอื่น
สามารถฉาบทับบนพื้นผิวผนังคอนกรีตได้ โดยไม่ต้องสลัดดอก หรือกระเทาะพื้นผิว
ประหยัดการใช้น้ำยารองพื้น",,,,,,,,,,,,,,,,product-images\product_192280_images_394742_ZBBTM6182D20K3-01.jpeg,วัสดุก่อสร้าง,ปูน - ซีเมนต์ - วัสดุเทพื้น,ปูนก่อ - ฉาบ
mortar6,เสือ เดคอร์ ปูนซีเมนต์ขาว คาร์บอนต่ำ งานเทอร์ราซโซ,,,"เสือ เดคอร์ ปูนซีเมนต์ขาว คาร์บอนต่ำ งานเทอร์ราซโซ ปูนซีเมนต์ขาวคาร์บอนตํ่า เนื้อปูนซีเมนต์สีขาวบริสุทธิ์ สําหรับงานตกแต่งพื้น ผนัง เคาน์เตอร์ และงานโครงสร้างที่เน้นความแข็งแกร่ง ทนทาน ควบคู่ไปกับอิสระในการออกแบบ สร้างสรรค์ตามจินตนาการ ทั้งงานเทอร์ราซโซ งานกรวดล้าง โดยสามารถเลือกผสมสีสันและเม็ดหินได้ตามความต้องการ

คุณสมบัติและการใช้งาน เสือ เดคอร์ ปูนซีเมนต์ขาว คาร์บอนต่ำ งานเทอร์ราซโซ
มีคุณสมบัติของปูนซีเมนต์สำหรับงานโครงสร้าง จึงให้ผลงานที่มีความแข็งแกร่ง ทนทาน
เนื้อปูนซีเมนต์มีสีขาวบริสุทธิ์ เหมาะกับงานโชว์พื้นผิวคอนกรีต หรือผสมสีเพื่อให้ได้เฉดสีที่ต้องการ
สามารถใช้ในงานโครงสร้างที่เน้นความสวยงามทางสถาปัตยกรรม เช่น เสา คาน ผนังสำเร็จรูป
ใช้ในงานตกแต่งพื้น/ผนัง ได้แก่ งานเทอร์ราซโซ (Terrazzo) งานเทอร์ราซโซมวลละเอียด (Finazzo) งานกรวดล้าง (Pebble Washed) และงานคอนกรีตขาว (White Concrete)
สร้างสรรค์ผลิตภัณฑ์สำเร็จรูปประเภทต่าง ๆ เช่น อ่างอาบน้ำ อ่างล้างหน้า แผ่นเคาน์เตอร์ แผ่นปูพื้นและผนัง
น้ำหนัก 40 กิโลกรัม
พื้นที่การใช้งาน 4 ตารางเมตร/ถุง (ที่ความหนาไม่เกิน 1.5 เซนติเมตร)",,,,,,,,,,,,,,,,product-images\product_6_images_367632_ZBCB12002D40K5-01.jpeg,วัสดุก่อสร้าง,ปูน - ซีเมนต์ - วัสดุเทพื้น,ปูนก่อ - ฉาบ
mortar7,เสือ มอร์ตาร์ ปูนซีเมนต์สำเร็จรูป คาร์บอนต่ำ ก่อทั่วไป,,,"เสือ มอร์ตาร์ ปูนซีเมนต์สำเร็จรูป คาร์บอนต่ำ ก่อทั่วไป ปูนซีเมนต์สำเร็จรูป สำหรับงานก่ออิฐมอญ (อิฐแดง) อิฐบล็อค (บล็อคคอนกรีต) สามารถผสมน้ำและใช้งานได้ทันทีโดยไม่ต้องผสมทรายหรือวัสดุผสมอื่น ๆ ช่วยให้ทำงานสะดวก และควบคุมขั้นตอนการทำงานได้ดีขึ้น

คุณสมบัติและการใช้งาน เสือ มอร์ตาร์ ปูนซีเมนต์สำเร็จรูป คาร์บอนต่ำ ก่อทั่วไป
สำหรับงานก่อผนังอิฐมอญ อิฐบล็อก อิฐแดงรู อิฐโชว์แนว อิฐขาว และอิฐช่องลม
มีสารผสมเพิ่มความอุ้มน้ำ ช่วยให้เนื้อปูนนุ่มเหนียว ทำให้ขึ้นรูปและจัดแนวก่อได้ง่าย
มีส่วนผสมเพิ่มแรงยึดเกาะ ทำให้ผนังแข็งแรง
สามารถใช้งานได้กับเครื่องผสมปูนก่อ
ขนาดมวลสุทธิ 50 กิโลกรัม
ก่ออิฐมอญครึ่งแผ่น ความหนา 1-2 เซนติเมตร ก่อได้ 1.0-1.5 ตารางเมตร
ก่ออิฐบล็อก ความหนา 1-2 เซนติเมตร ก่อได้ 2.0-2.8 ตารางเมตร",,,,,,,,,,,,,,,,product-images\product_12_images_386719_ZBBTM2012D50K3-01.jpeg,วัสดุก่อสร้าง,ปูน - ซีเมนต์ - วัสดุเทพื้น,ปูนก่อ - ฉาบ
mortar8,เสือ มอร์ตาร์ ปูนซีเมนต์สำเร็จรูป คาร์บอนต่ำ ฉาบทั่วไป,,,"เสือ มอร์ตาร์ ปูนซีเมนต์สำเร็จรูป คาร์บอนต่ำ ฉาบทั่วไป ปูนซีเมนต์สำเร็จรูป สำหรับงานฉาบผนังก่ออิฐมอญ อิฐบล็อค สามารถผสมน้ำและใช้งานได้ทันทีโดยไม่ต้องผสมทรายและหินเพิ่มเติม ช่วยให้ทำงานสะดวกและควบคุมขั้นตอนการทำงานได้ดีขึ้น

คุณสมบัติและการใช้งาน เสือ มอร์ตาร์ ปูนซีเมนต์สำเร็จรูป คาร์บอนต่ำ ฉาบทั่วไป
สำหรับงานฉาบผนังอิฐมอญ อิฐบล็อก
มีสารผสมเพิ่มความอุ้มน้ำ ช่วยลดการแตกร้าว
มีสารผสมเพิ่มฟองอากาศ ช่วยให้ฉาบลื่น เบาแรง
มีส่วนผสมเพิ่มแรงยึดเกาะ ช่วยให้ผนังไม่หลุดล่อน
มีส่วนผสมเพิ่มระยะเวลาการก่อตัว ช่วยให้การเซ็ทตัวที่เหมาะสม
สามารถใช้งานได้กับเครื่องพ่นปูนฉาบ
ขนาดมวลสุทธิ 50 กิโลกรัม
สามารถฉาบได้ตั้งแต่ 10-15 มิลลิเมตร
ความหนา 5 มิลลิเมตร ฉาบได้ 5.12 ตารางเมตร
ความหนา 10 มิลลิเมตร ฉาบได้ 2.56 ตารางเมตร
ความหนา 15 มิลลิเมตร ฉาบได้ 1.71 ตารางเมตร",,,,,,,,,,,,,,,,product-images\product_242_images_386710_ZBBTM1012D50K3-01.jpeg,วัสดุก่อสร้าง,ปูน - ซีเมนต์ - วัสดุเทพื้น,ปูนก่อ - ฉาบ
mortar9,เสือ มอร์ตาร์ ปูนซีเมนต์สำเร็จรูป คาร์บอนต่ำ ก่ออิฐมวลเบา,,,"เสือ มอร์ตาร์ ปูนซีเมนต์สำเร็จรูป คาร์บอนต่ำ ก่ออิฐมวลเบา ปูนซีเมนต์สำเร็จรูป สำหรับงานก่ออิฐมวลเบา (บล็อคคอนกรีตมวลเบา) สามารถผสมน้ำและใช้งานได้ทันที มีแรงยึดเกาะสูง

คุณสมบัติและการใช้งาน เสือ มอร์ตาร์ ปูนซีเมนต์สำเร็จรูป คาร์บอนต่ำ ก่ออิฐมวลเบา
สำหรับงานก่อผนังอิฐมวลเบาโดยเฉพาะ
มีสารผสมเพิ่มความอุ้มน้ำ ช่วยให้เนื้อปูนนุ่มเหนียว ทำให้ขึ้นรูปและจัดแนวก่อได้ง่าย
มีส่วนผสมเพิ่มแรงยึดเกาะ ทำให้ผนังแข็งแรง
ขนาดมวลสุทธิ 50 กิโลกรัม
ก่ออิฐมวลเบาขนาดมาตรฐาน 7 เซนติเมตร ได้พื้นที่ประมาณ 25-30 ตารางเมตร/50 กิโลกรัม ที่ความหนา 2-3 มิลลิเมตร",,,,,,,,,,,,,,,,product-images\product_252_images_386721_ZBBTM2032D50K3-01.jpeg,วัสดุก่อสร้าง,ปูน - ซีเมนต์ - วัสดุเทพื้น,ปูนก่อ - ฉาบ
mortar10,เสือ มอร์ตาร์ ปูนซีเมนต์สำเร็จรูป คาร์บอนต่ำ ฉาบอิฐมวลเบา,,,"เสือ มอร์ตาร์ ปูนซีเมนต์สำเร็จรูป คาร์บอนต่ำ ฉาบอิฐมวลเบา ปูนซีเมนต์สำเร็จรูป สำหรับงานฉาบอิฐมวลเบาโดยเฉพาะ สามารถผสมน้ำและใช้งานได้ทันทีโดยไม่ต้องผสมทรายเพิ่มเติม ช่วยให้ทำงานสะดวกและควบคุมขั้นตอนการทำงานได้ดีขึ้น

คุณสมบัติและการใช้งาน เสือ มอร์ตาร์ ปูนซีเมนต์สำเร็จรูป คาร์บอนต่ำ ฉาบอิฐมวลเบา
สำหรับงานฉาบผนังอิฐมวลเบาโดยเฉพาะ
มีสารผสมเพิ่มความอุ้มน้ำ ช่วยลดการแตกร้าว
มีสารผสมเพิ่มฟองอากาศ ช่วยให้ฉาบลื่น เบาแรง
มีส่วนผสมเพิ่มแรงยึดเกาะ ช่วยให้ผิวปูนฉาบไม่หลุดล่อน
มีส่วนผสมเพิ่มระยะเวลาการก่อตัว ช่วยให้เซตตัวได้เหมาะสม
สามารถใช้งานได้กับเครื่องพ่นปูนฉาบ
ขนาดมวลสุทธิ 50 กิโลกรัม
ความหนา 1.0 เซนติเมตร ฉาบได้ 2.6-2.8 ตารางเมตร
ความหนา 1.5 เซนติเมตร ฉาบได้ 1.7-1.9 ตารางเมตร",,,,,,,,,,,,,,,,product-images\product_254_images_386714_ZBBTM1032D50K3-01.jpeg,วัสดุก่อสร้าง,ปูน - ซีเมนต์ - วัสดุเทพื้น,ปูนก่อ - ฉาบ
mortar11,เสือ มอร์ตาร์ ปูนซีเมนต์สำเร็จรูป คาร์บอนต่ำ ฉาบผิวคอนกรีต,,,"เสือ มอร์ตาร์ ปูนซีเมนต์สำเร็จรูป คาร์บอนต่ำ ฉาบผิวคอนกรีต ปูนซีเมนต์สำเร็จรูป สำหรับงานฉาบปิดผิวคอนกรีต อาทิ ผนังหล่อคอนกรีต เสาคอนกรีต คานคอนกรีต เป็นต้น สามารถผสมน้ำและใช้งานได้ทันทีโดยไม่ต้องผสมทรายเพิ่มเติม ช่วยให้ทำงานสะดวกและควบคุมขั้นตอนการทำงานได้ดีขึ้น

คุณสมบัติและการใช้งาน เสือ มอร์ตาร์ ปูนซีเมนต์สำเร็จรูป คาร์บอนต่ำ ฉาบผิวคอนกรีต
สำหรับงานฉาบผนัง เสา คาน คอนกรีต
มีสารผสมเพิ่มความอุ้มน้ำ ช่วยลดการแตกร้าว
มีสารผสมเพิ่มฟองอากาศ ช่วยให้ฉาบลื่น เบาแรง
มีส่วนผสมเพิ่มแรงยึดเกาะ ช่วยให้ผิวปูนฉาบไม่หลุดล่อน
มีส่วนผสมเพิ่มระยะเวลาการก่อตัว ช่วยให้เซตตัวได้เหมาะสม
สามารถใช้งานได้กับเครื่องพ่นปูนฉาบ
ขนาดมวลสุทธิ 50 กิโลกรัม
ความหนา 0.5 เซนติเมตร ฉาบได้ 5.5-5.7 ตารางเมตร
ความหนา 1.0 เซนติเมตร ฉาบได้ 2.7-2.9 ตารางเมตร",,,,,,,,,,,,,,,,product-images\product_246_images_386716_ZBBTM1042D50K3-01.jpeg,วัสดุก่อสร้าง,ปูน - ซีเมนต์ - วัสดุเทพื้น,ปูนก่อ - ฉาบ
mortar12,เสือ มอร์ตาร์ ปูนซีเมนต์สำเร็จรูป คาร์บอนต่ำ ฉาบละเอียด,,,"เสือ มอร์ตาร์ ปูนซีเมนต์สำเร็จรูป คาร์บอนต่ำ ฉาบละเอียด ปูนซีเมนต์สำเร็จรูป สำหรับงานฉาบผนังก่ออิฐมอญ อิฐบล็อค ที่ต้องการความเรียบเนียนเป็นพิเศษ สามารถผสมน้ำและใช้งานได้ทันทีโดยไม่ต้องผสมทรายเพิ่มเติม ช่วยให้ทำงานสะดวก และควบคุมขั้นตอนการทำงานได้ดีขึ้น

คุณสมบัติและการใช้งาน เสือ มอร์ตาร์ ปูนซีเมนต์สำเร็จรูป คาร์บอนต่ำ ฉาบละเอียด
สำหรับงานฉาบผนังอิฐมอญ อิฐบล็อกที่ต้องการความเรียบเนียนเป็นพิเศษ
มีสารผสมเพิ่มความอุ้มน้ำ ช่วยลดการแตกร้าว
มีสารผสมเพิ่มฟองอากาศ ช่วยให้ฉาบลื่น เบาแรง
มีส่วนผสมเพิ่มแรงยึดเกาะ ช่วยให้ผิวปูนฉาบไม่หลุดล่อน
มีส่วนผสมเพิ่มระยะเวลาการก่อตัว ช่วยให้เซตตัวได้เหมาะสม
สามารถใช้งานได้กับเครื่องพ่นปูนฉาบ
ขนาดมวลสุทธิ 50 กิโลกรัม
ความหนา 5 มิลลิเมตร ฉาบได้ 6.30 ตารางเมตร
ความหนา 10 มิลลิเมตร ฉาบได้ 3.15 ตารางเมตร
ความหนา 15 มิลลิเมตร ฉาบได้ 2.10 ตารางเมตร",,,,,,,,,,,,,,,,product-images\product_248_images_386712_ZBBTM1022D50K3-01.jpeg,วัสดุก่อสร้าง,ปูน - ซีเมนต์ - วัสดุเทพื้น,ปูนก่อ - ฉาบ
mortar13,เสือ มอร์ตาร์ ปูนซีเมนต์สำเร็จรูป คาร์บอนต่ำ เทปรับพื้น,,,"เสือ มอร์ตาร์ ปูนซีเมนต์สำเร็จรูป คาร์บอนต่ำ เทปรับพื้น ปูนซีเมนต์สำเร็จรูป สำหรับงานเทปรับพื้น สามารถผสมน้ำและใช้งานได้ทันทีโดยไม่ต้องผสมทรายและหินเพิ่มเติม ช่วยให้ทำงานสะดวกและควบคุมขั้นตอนการทำงานได้ดีขึ้น

คุณสมบัติและการใช้งาน เสือ มอร์ตาร์ ปูนซีเมนต์สำเร็จรูป คาร์บอนต่ำ เทปรับพื้น
สำหรับงานเทพื้นเพื่อปรับระดับพื้นให้เรียบก่อนการปูวัสดุปิดผิว
มีสารผสมเพิ่มระยะเวลาการก่อตัว ช่วยให้การเซตตัวที่เหมาะสม
มีส่วนผสมเพิ่มแรงยึดเกาะ
ใช้กับงานเทปรับระดับพื้น ลานจอดรถ พื้นบ้าน ฯลฯ
สามารถใช้งานได้กับเครื่องผสมปูนเทปรับพื้น
ขนาดมวลสุทธิ 50 กิโลกรัม
ความหนา 3 เซนติเมตร เทพื้นได้ 0.8-0.9 ตารางเมตร",,,,,,,,,,,,,,,,product-images\product_256_images_386725_ZBBTM3012D50K3-01.jpeg,วัสดุก่อสร้าง,ปูน - ซีเมนต์ - วัสดุเทพื้น,ปูนก่อ - ฉาบ
mortar14,เสือ มอร์ตาร์ ปูนซีเมนต์สำเร็จรูป ซ่อมอเนกประสงค์ 5 กก.,,,"ปูนซีเมนต์สำเร็จรูป สำหรับงานซ่อมแซมอเนกประสงค์ เนื้อปูนสีเทา

ความหนา 5 มิลลิเมตร 0.5 ตารางเมตร/ 5 กิโลกรัม
ความหนา 10 มิลลิเมตร 0.25 ตารางเมตร/ 5 กิโลกรัม
ขนาดบรรจุ 5 กิโลกรัม/ถุง
น้ำหนัก
5 กก.

วัสดุ
ซีเมนต์

คำแนะนำ การใช้สินค้า
ไม่ควรผสมน้ำจนเนื้อปูนเหลวเกินไป
การดูแลรักษา
ควรใช้ให้หมดหลังจากผสมภายใน 2 ชั่วโมง หลังผสมน้ำแล้ว
ไม่ควรผสมน้ำเพิ่มหลังปูนเริ่มแข็งตัวแล้ว",,,,,,,,,,,,,,,,product-images\product_264_images_f195c979-09fb-4856-a59f-58e188f242d7_mortar_fix.jpeg,วัสดุก่อสร้าง,ปูน - ซีเมนต์ - วัสดุเทพื้น,ปูนก่อ - ฉาบ
mortar15,เสือ มอร์ตาร์ ปูนซีเมนต์สำเร็จรูป คาร์บอนต่ำ คอนกรีตแห้ง,,,"เสือ มอร์ตาร์ ปูนซีเมนต์สำเร็จรูป คาร์บอนต่ำ คอนกรีตแห้ง ปูนซีเมนต์สำเร็จรูป สำหรับเทเสาเอ็น คานทับหลัง และพื้น สามารถรับแรงได้มากกว่า 240 ksc (EN 12390) สามารถผสมน้ำและใช้งานได้ทันทีโดยไม่ต้องผสมทราย และหินเพิ่มเติม ช่วยให้ทำงานสะดวก และควบคุมขั้นตอนการทำงานได้ดีขึ้น

คุณสมบัติและการใช้งาน เสือ มอร์ตาร์ ปูนซีเมนต์สำเร็จรูป คาร์บอนต่ำ คอนกรีตแห้ง
สำหรับงานหล่อ/เทเสาเอ็น ทับหลัง พื้น
มีส่วนประกอบของปูนซีเมนต์คุณภาพสูง ที่ได้สัดส่วนเหมาะสม
สามารถใช้การผสมด้วยมือได้
ลดปัญหาการผสมไม่ได้สัดส่วน
ขนาดมวลสุทธิ 50 กิโลกรัม
พื้นที่ใช้งาน 0.02 ลูกบาศก์เมตร/50 กิโลกรัม",,,,,,,,,,,,,,,,product-images\product_3112_images_386727_ZBBTM3112D50P2-01.jpeg,วัสดุก่อสร้าง,ปูน - ซีเมนต์ - วัสดุเทพื้น,ปูนก่อ - ฉาบ
mortar16,เสือ มอร์ตาร์ ปูนซีเมนต์สำเร็จรูป คาร์บอนต่ำ จับเซี้ยม,,,"เสือ มอร์ตาร์ ปูนซีเมนต์สำเร็จรูป คาร์บอนต่ำ จับเซี้ยม ปูนซีเมนต์สำเร็จรูป สำหรับงานจับเซี้ยมมุมเสา มุมผนัง และงานจับปุ่ม สามารถผสมน้ำและใช้งานได้ทันทีโดยไม่ต้องผสมทรายและหินเพิ่มเติม ช่วยให้ทำงานสะดวกและควบคุมขั้นตอนการทำงานได้ดีขึ้น

คุณสมบัติและการใช้งาน เสือ มอร์ตาร์ ปูนซีเมนต์สำเร็จรูป คาร์บอนต่ำ จับเซี้ยม
สำหรับงานจับเซี้ยมมุมเสา มุมผนัง และงานจับปุ่ม
มีสารผสมเพิ่มความอุ้มน้ำ ช่วยลดการแตกร้าว
มีส่วนผสมเพิ่มแรงยึดเกาะ ไม่แตกร้าวหลุดล่อน
สามารถใช้ร่วมกับเซี้ยมสำเร็จรูปได้
ขนาดมวลสุทธิ 50 กิโลกรัม
ความหนา 1.5 เซนติเมตร จับเซี้ยมได้ยาว 25 เมตร
เสือ มอร์ตาร์ ปูนซีเมนต์สำเร็จรูป คาร์บอนต่ำ จับเซี้ยม ดีอย่างไร
ลดโอกาสการเกิดรอยแตกร้าว
สามารถจับเซี้ยมได้ที่ความหนา 1.0-4.0 เซนติเมตร
ปรับแต่งมุมเซี้ยมได้ง่าย
น้ำหนัก
50 กก.",,,,,,,,,,,,,,,,product-images\product_341880_images_394740_ZBBTM4052D50K3-01.jpeg,วัสดุก่อสร้าง,ปูน - ซีเมนต์ - วัสดุเทพื้น,ปูนก่อ - ฉาบ
mortar17,เสือ มอร์ตาร์ ปูนซีเมนต์สำเร็จรูป คาร์บอนต่ำ อีซี่,,,"เสือ มอร์ตาร์ ปูนซีเมนต์สำเร็จรูป คาร์บอนต่ำ อีซี่ ปูนซีเมนต์สำเร็จรูป ที่ใช้ได้ทั้งงานก่ออิฐและงานเทปรับระดับพื้นในถุงเดียวกัน เหมาะสำหรับงานก่ออิฐมอญ อิฐบล็อก และเทปรับระดับพื้น (Topping) ที่ความหนา 1-5 ซม. ก่อนปูวัสดุปิดผิว สามารถผสมน้ำและใช้งานได้ทันทีโดยไม่ต้องผสมทราย และหินเพิ่มเติม ช่วยให้ทำงานสะดวก และควบคุมขั้นตอนการทำงานได้ดีขึ้น

คุณสมบัติและการใช้งาน เสือ มอร์ตาร์ ปูนซีเมนต์สำเร็จรูป คาร์บอนต่ำ อีซี่
สำหรับก่อผนังอิฐมอญ อิฐบล็อก
สำหรับงานเทปรับระดับพื้นให้เรียบก่อนการปูทับด้วยวัสดุปิดผิว
มีสารผสมเพิ่มระยะเวลาการก่อตัว ช่วยให้การเซตตัวที่เหมาะสม
มีส่วนผสมเพิ่มแรงยึดเกาะ
สามารถใช้งานได้กับเครื่องผสมปูนก่อและเทปรับพื้น
ขนาดมวลสุทธิ 50 กิโลกรัม
ก่ออิฐมอญได้ 1 ตารางเมตร
ก่ออิฐบล็อกได้ 2 ตารางเมตร
ความหนา 3 เซนติเมตร เทพื้นได้ 0.8-0.9 ตารางเมตร",,,,,,,,,,,,,,,,product-images\product_194702_images_386723_ZBBTM2072D50K3-01.jpeg,วัสดุก่อสร้าง,ปูน - ซีเมนต์ - วัสดุเทพื้น,ปูนก่อ - ฉาบ
mortar18,ปูนงานโครงสร้างทนทานพิเศษ เอสซีจี คาร์บอนต่ำ สูตรปูนคนใต้ (เฉพาะภาคใต้),,,"ปูนซีเมนต์ประเภทไฮดรอลิกชนิดใช้งานทั่วไป (GU) สูตรพิเศษ ผ่านการคิดค้นด้วยหลักวัสดุศาสตร์ (Materials Science) และเทคโนโลยีการผลิตมาตรฐานใหม่ มีส่วนประกอบจากปูนเม็ด ยิปซั่ม ส่วนประกอบแคลเซียมและสารเพิ่มความแข็งแรง ทำให้กำลังอัดสูง โครงสร้างที่ได้จึงแข็งแรงทนทาน อีกทั้งยังเป็นปูนที่เป็นมิตรต่อสิ่งแวดล้อม

คุณสมบัติพิเศษ :

เป็นผลิตภัณฑ์ที่เป็นมิตรต่อสิ่งแวดล้อม สามารถลดการปล่อยก๊าซเรือนกระจกในกระบวนการผลิต ได้ถึง 50 kgCO2 ต่อการผลิตปูน 1 ตัน
กระบวนการผลิตเป็นมิตรต่อสิ่งแวดล้อม ด้วยการใช้ Biomass เป็นเชื้อเพลิงทดแทนการใช้ถ่านหิน และนำลมร้อนที่ได้จากกระบวนการผลิต (Waste Heat Generation) มาใช้เป็นพลังงานทดแทนการใช้ไฟฟ้า
ได้รับตรารับรองด้านสิ่งแวดล้อมมากมาย
น้ำหนัก
50 กก.

วัสดุ
ซีเมนต์

คำแนะนำ การใช้สินค้า
สัดส่วนการผสมคอนกรีต อาจเปลี่ยนแปลงได้ตามสภาพวัสดุผสมและประเภทของงาน ทั้งนี้ให้ขึ้นอยู่กับคำแนะนำของวิศวกรโยธา
ภาชนะที่ใช้ในการตวงปริมาตรวัสดุผสมแต่ละชนิดให้ใช้ภาชนะที่มีประเภทและขนาดเท่ากัน
มาตรฐาน
มอก. 2594-2556",,,,,,,,,,,,,,,,product-images\product_326654_images_408234_ZBAB12712D50K3-01.jpeg,วัสดุก่อสร้าง,ปูน - ซีเมนต์ - วัสดุเทพื้น,ปูนก่อ - ฉาบ
mortar19,ปูนงานโครงสร้างทนทานพิเศษ เอสซีจี คาร์บอนต่ำ สูตรทนดินเค็ม,,,"ปูนซีเมนต์ปอร์ตแลนด์ปอซโซลาน มีคุณสมบัติพิเศษทนทานต่อการกัดกร่อนและป้องกันการซึมผ่านจากสารคลอไรด์และสารซัลเฟตได้ดี เหมาะสำหรับโครงสร้างคอนกรีตในพื้นที่ดินเค็ม ในภาคตะวันออกเฉียงเหนือ และพื้นที่น้ำกร่อย

คุณสมบัติพิเศษ :

ทนทานต่อการกัดกร่อนของสารซัลเฟตและต้านทานต่อการซึมผ่านของสารคลอไรด์ได้ดี
เป็นผลิตภัณฑ์ที่สามารถลดการปล่อยก๊าซเรือนกระจกในกระบวนการผลิต เป็นมิตรต่อสภาพภูมิอากาศ เป็นทางเลือกให้ผู้ที่ใส่ใจสิ่งแวดล้อม
น้ำหนัก
50 กก.

วัสดุ
ซีเมนต์

คำแนะนำ การใช้สินค้า
สัดส่วนการผสมคอนกรีต อาจเปลี่ยนแปลงได้ตามสภาพวัสดุผสมและประเภทของงาน ทั้งนี้ให้ขึ้นอยู่กับคำแนะนำของวิศวกรโยธา
ภาชนะที่ใช้ในการตวงปริมาตรวัสดุผสมแต่ละชนิดให้ใช้ภาชนะที่มีประเภทและขนาดเท่ากัน
มาตรฐาน
มอก. 849-2556",,,,,,,,,,,,,,,,product-images\product_458_images_408228_ZBAB12402D50K3-01.jpeg,วัสดุก่อสร้าง,ปูน - ซีเมนต์ - วัสดุเทพื้น,ปูนก่อ - ฉาบ
mortar20,ปูนงานโครงสร้าง เอสซีจี คาร์บอนต่ำ,,,"ปูนซีเมนต์ หรือ ปูนแดง SCG ประเภทไฮดรอลิกชนิดใช้งานทั่วไป (GU) สูตรพิเศษ ผ่านการคิดค้นด้วยหลักวัสดุศาสตร์ (Materials Science) และเทคโนโลยีการผลิตมาตรฐานใหม่ มีส่วนประกอบจากปูนเม็ด ยิปซั่ม ส่วนประกอบแคลเซียมและสารเพิ่มความแข็งแรง ทำให้กำลังอัดสูง โครงสร้างที่ได้จึงแข็งแรงทนทาน อีกทั้งยังเป็นปูนที่เป็นมิตรต่อสิ่งแวดล้อม

คุณสมบัติพิเศษ :

เป็นผลิตภัณฑ์ที่เป็นมิตรต่อสิ่งแวดล้อม สามารถลดการปล่อยก๊าซเรือนกระจกในกระบวนการผลิต ได้ถึง 50 kgCO2 ต่อการผลิตปูน 1 ตัน
กระบวนการผลิตเป็นมิตรต่อสิ่งแวดล้อม ด้วยการใช้ Biomass เป็นเชื้อเพลิงทดแทนการใช้ถ่านหิน และนำลมร้อนที่ได้จากกระบวนการผลิต (Waste Heat Generation) มาใช้เป็นพลังงานทดแทนการใช้ไฟฟ้า
ได้รับตรารับรองด้านสิ่งแวดล้อมมากมาย
น้ำหนัก
50 กก.

วัสดุ
ซีเมนต์

คำแนะนำ การใช้สินค้า
สัดส่วนการผสมคอนกรีต อาจเปลี่ยนแปลงได้ตามสภาพวัสดุผสมและประเภทของงาน ทั้งนี้ให้ขึ้นอยู่กับคำแนะนำของวิศวกรโยธา
ภาชนะที่ใช้ในการตวงปริมาตรวัสดุผสมแต่ละชนิดให้ใช้ภาชนะที่มีประเภทและขนาดเท่ากัน
มาตรฐาน
มอก. 2594-2556",,,,,,,,,,,,,,,,product-images\product_46250_images_408232_ZBAB12702D50K3-01.jpeg,วัสดุก่อสร้าง,ปูน - ซีเมนต์ - วัสดุเทพื้น,ปูนก่อ - ฉาบ
mortar21,ปูนทนน้ำทะเล เอสซีจี คาร์บอนต่ำ,,,"ปูนซีเมนต์ปอร์ตแลนด์ชนิดพิเศษ ประเภทปูนซีเมนต์ปอร์ตแลนด์ปอซโซลาน สำหรับงานโครงสร้าง หรือเรียกทั่วไปว่า มารีน ซีเมนต์ (Marine Cement) เหมาะสำหรับโครงสร้างในพื้นที่ชายฝั่งทะเล พื้นที่น้ำกร่อยที่โครงสร้างสัมผัสกับไอทะเลหรือน้ำทะเล

คุณสมบัติพิเศษ :

ทนทานต่อการกัดกร่อนของสารซัลเฟตและต้านทานต่อการซึมผ่านของสารคลอไรด์ได้ดี
เป็นผลิตภัณฑ์ที่สามารถลดการปล่อยก๊าซเรือนกระจกในกระบวนการผลิต เป็นมิตรต่อสภาพภูมิอากาศ เป็นทางเลือกให้ผู้ที่ใส่ใจสิ่งแวดล้อม
น้ำหนัก
50 กก.

วัสดุ
ซีเมนต์

คำแนะนำ การใช้สินค้า
สัดส่วนการผสมคอนกรีต อาจเปลี่ยนแปลงได้ตามสภาพวัสดุผสมและประเภทของงาน ทั้งนี้ให้ขึ้นอยู่กับคำแนะนำของวิศวกรโยธา
ภาชนะที่ใช้ในการตวงปริมาตรวัสดุผสมแต่ละชนิดให้ใช้ภาชนะที่มีประเภทและขนาดเท่ากัน
มาตรฐาน
มอก. 849-2556",,,,,,,,,,,,,,,,product-images\product_42714_images_408230_ZBAB12412D50K3-01.jpeg,วัสดุก่อสร้าง,ปูน - ซีเมนต์ - วัสดุเทพื้น,ปูนก่อ - ฉาบ
mortar22,ปูนงานหล่อ เอสซีจี คาร์บอนต่ำ,,,"ปูนซีเมนต์ปอร์ตแลนด์ประเภท 1 ที่ให้กำลังอัดสูง งานที่ได้จึงแข็งแรงทนทาน เหมาะสำหรับงานหล่อคอนกรีตสำเร็จรูป อาทิ แผ่นพื้นสำเร็จรูป เสาเข็ม ท่อ วงบ่อ บล็อก โครงสร้างอาคาร บ้านพักอาศัยทั่วไป

คุณสมบัติพิเศษ :

ได้ผลงานที่มีความแข็งแรง ทนทาน ชิ้นงานเรียบเนียน สวย
สะดวกในการใช้งานถอดแบบได้เร็วเป็นทางเลือกให้ผู้ที่ใส่ใจสิ่งแวดล้อม
ใช้สำหรับงานคอนกรีตอัดแรงและไม่อัดแรง
น้ำหนัก
50 กก.

วัสดุ
ซีเมนต์

คำแนะนำ การใช้สินค้า
สัดส่วนการผสมคอนกรีต อาจเปลี่ยนแปลงได้ตามสภาพวัสดุผสมและประเภทของงาน ทั้งนี้ให้ขึ้นอยู่กับคำแนะนำของวิศวกรโยธา
ภาชนะที่ใช้ในการตวงปริมาตรวัสดุผสมแต่ละชนิดให้ใช้ภาชนะที่มีประเภทและขนาดเท่ากัน
มาตรฐาน
มอก. 2594-2556",,,,,,,,,,,,,,,,product-images\product_42716_images_408224_ZBAB12112D50L3-01.jpeg,วัสดุก่อสร้าง,ปูน - ซีเมนต์ - วัสดุเทพื้น,ปูนก่อ - ฉาบ
mortar23,เสือ น้ำยาประสานคอนกรีต ขนาด 5 ลิตร,,,"เสือ น้ำยาประสานคอนกรีต ยึดเกาะแน่น ดูดซึมน้ำต่ำ ช่วยยึดเกาะระหว่างคอนกรีตเก่าและคอนกรีตใหม่

ผลิตจาก Hybrid Polymer เป็นน้ำยาเพิ่มแรงยึดเกาะระหว่างคอนกรีตเก่ากับคอนกรีตใหม่ ลดปัญหาหลุดร้อย การหดตัว การดูดซึมน้ำ เพิ่มความแข็งแรงทนทาน ปูนทรายหรือปูนฉาบ ใช้ทั้งงานซ่อม ฉาบตกแต่งและฉาบสี ปูกระเบื้อง และงานคอนกรีตเก่าและคอนกรีตใหม่เพื่อปรับระดับพื้น

น้ำหนัก
5 กก.",,,,,,,,,,,,,,,,product-images\product_308128_images_292534_ZBCC10133DCTG0-01.png,วัสดุก่อสร้าง,ปูน - ซีเมนต์ - วัสดุเทพื้น,ปูนก่อ - ฉาบ
mortar24,เสือ เดคอร์ โพลิเมอร์ซีเมนต์ ลอฟท์วอลล์ JUMBO,,,"ซีเมนต์ขัดมันสำเร็จรูปแบบผสมน้ำพร้อมใช้งาน ที่ให้คุณสามารถสร้างผลงานสไตล์ลอฟท์ได้ง่ายๆ ด้วยตัวเอง (DIY) สามารถใช้ฉาบตกแต่งได้หลายพื้นผิว โดยเฉพาะพื้นผิวที่มีการดูดซึมได้ เช่น ผนังปูนฉาบ ผนังคอนกรีต สมาร์ทบอร์ด ซีเมนต์บอร์ด เหมาะสำหรับงานผนังทั้งภายในและภายนอกอาคาร

การใช้งานสำหรับพื้นที่ 38-40 ตร.ม.
สูตรน้ำ ไร้กลิ่นฉุน ไม่มีทินเนอร์
ใช้งานง่าย ทั้งภายนอกและภายใน
ลดปัญหาแตกรายงา
แถมฟรี แว็กซ์เคลือบผิวบรรจุภายในถัง
ประหยัดคุ้มค่าด้วยถังจัมโบ้
น้ำหนัก
20 กก.

วัสดุ
โพลิเมอร์ซีเมนต์",,,,,,,,,,,,,,,,product-images\product_192548_images_05a2b0f7-4315-4c5f-aa69-854c3a67125a_tiger-decor-polymercement-loftwall-jumbo-01.jpeg,วัสดุก่อสร้าง,ปูน - ซีเมนต์ - วัสดุเทพื้น,ปูนก่อ - ฉาบ
mortar25,เสือ เดคอร์ โพลิเมอร์ซีเมนต์ ลอฟท์วอลล์,,,"ซีเมนต์ขัดมันสำเร็จรูปแบบผสมน้ำพร้อมใช้งาน ที่ให้คุณสามารถสร้างผลงานสไตล์ลอฟท์ได้ง่ายๆ ด้วยตัวเอง (DIY) สามารถใช้ฉาบตกแต่งได้หลายพื้นผิว โดยเฉพาะพื้นผิวที่มีการดูดซึมได้ เช่น ผนังปูนฉาบ ผนังคอนกรีต สมาร์ทบอร์ด ซีเมนต์บอร์ด เหมาะสำหรับงานผนังทั้งภายในและภายนอกอาคาร

การใช้งานสำหรับพื้นที่ 8-10 ตร.ม. พร้อมอุปกรณ์สำหรับการฉาบ
สูตรน้ำ ไร้กลิ่นฉุน ไม่มีทินเนอร์
ใช้งานง่าย ทั้งภายนอกและภายใน
ลดปัญหาแตกรายงา
แถมฟรี แว็กซ์เคลือบผิวบรรจุภายในถัง
น้ำหนัก
5 กก.

วัสดุ
โพลิเมอร์ซีเมนต์",,,,,,,,,,,,,,,,product-images\product_192539_images_b1c30d77-43be-4663-9f50-6951d243c871_tiger-decor-polymercement-loftwall-01.jpeg,วัสดุก่อสร้าง,ปูน - ซีเมนต์ - วัสดุเทพื้น,ปูนก่อ - ฉาบ
mortar26,เสือ กาวซีเมนต์ คาร์บอนต่ำ เขียว สำหรับกระเบื้องเซรามิก แกรนิตโต้,,,"เสือ กาวซีเมนต์ คาร์บอนต่ำ ถุงสีเขียว สำหรับกระเบื้องเซรามิก แกรนิตโต้

การใช้งาน เสือ กาวซีเมนต์ คาร์บอนต่ำ ถุงสีเขียว
สำหรับงานปูผนัง สามารถใช้ได้กับกระเบื้องเซรามิก และแกรนิตโต้ ขนาดสูงสุด 60x60 ซม.
สำหรับงานปูพื้น สามารถใช้ได้กับกระเบื้องเซรามิก แกรนิตโต้ ขนาดสูงสุด 90x90 ซม.
สำหรับงานปูทับกระเบื้องภายในอาคารและภายนอกอาคาร
พื้นที่ใช้งาน 4-5 ตร.ม./ถุง (20 กก.)
เสือ กาวซีเมนต์ คาร์บอนต่ำ ถุงสีเขียว ดีอย่างไร
มีสารผสมเพิ่มความยึดเกาะพิเศษทำให้มีแรงยึดระหว่างพื้นผิวและกระเบื้องสูง
ลดปัญหาการหลุดล่อนของกระเบื้อง
ลดปัญหาส่วนผสมไม่ได้สัดส่วน
ผลิตภัณฑ์คุณภาพมาตรฐาน มอก.
น้ำหนัก
20 กก.",,,,,,,,,,,,,,,,product-images\product_189900_images_408699_ZBBTA7112D20K3-01.jpeg,วัสดุก่อสร้าง,ปูน - ซีเมนต์ - วัสดุเทพื้น,ปูนก่อ - ฉาบ
scg1,SCGนอนชริ้งค์เกร๊าท์ 25กก. SCG Non shrink grout,,,"เอสซีจี นอนชริ้งค์เกร้าท์ มอร์ตาร์ชนิดพิเศษที่ให้กําลังอัดสูงและไม่หดตัวสําหรับงาน คอนกรีตสําเร็จรูป น้ำหนักสุทธิ 25 กิโลกรัม 800 KSC

นอนชริงค์เกร้าท์ เป็นมอร์ตาร์สําเร็จรูปที่ สามารถรับกําลังอัดได้สูง ไม่หดตัวและไหลตัวได้ดี ใช้สําหรับเทอุดช่องว่างของชิ้นงาน คอนกรีตสําเร็จรูป รวมถึงงานซ่อมแซมคอนกรีตประเภทต่างๆที่ต้องรับกําลังอัดสูง

.SCG Non-Shrink

• มีการไหลตัวดีมาก สามารถเข้าไปตามแบบทีแคบๆหรือ มีความลึกได้ดี

• การหดตัวตํากวา่ Non-Shrink ทัวไปและแข็งแกร่ง ยึดเกาะกบโครงสร้างได้ดีจึงไม่แตกร้าว

• มีค่าความทึบน้ำสูงซึงทําให้น้ำซึมผ่านได้ยาก",,,,,,,,,,,,,,,,product-images\SCG-Non-shrink-grout.jpg,วัสดุก่อสร้าง,ปูน - ซีเมนต์ - วัสดุเทพื้น,ปูนก่อ - ฉาบ
mortar27, เสือ มอร์ตาร์ ฉาบทั่วไป รุ่นแพลทินัม เอ็กซ์เพิร์ท ขนาด 50 กก.,,,"เสือ มอร์ตาร์ ปูนซีเมนต์สำเร็จรูป ฉาบทั่วไป สูตรเอ็กซ์เพิร์ท

- สำหรับงานฉาบผนังอิฐมอญ อิฐบล็อก
- ขนาดบรรจุ 50 กก./ถุง
- มีสารผสมเพิ่มความอุ้มน้ำ ช่วยลดการแตกร้าว
- มีสารผสมเพิ่มฟองอากาศ ช่วยให้ฉาบลื่น เบาแรง
- มีส่วนผสมเพิ่มแรงยึดเกาะ ช่วยให้ผนังไม่หลุดร่อน
- มีส่วนผสมเพิ่มระยะเวลาการก่อตัว ช่วยให้การเซ็ทตัวที่เหมาะสม
- สามารถใช้งานได้กับเครื่องพ่นปูนฉาบ

คุณสมบัติเด่น
- ลดโอกาสการเกิดรอยแตกร้าวได้มากกว่า 2 เท่า
- ลดปัญหาหลุดร่วงของเนื้อปูนในขณะฉาบ
- สามารถฉาบได้ตั้งแต่ 1.0-2.0 ซม.
- ปรับแต่งผิวได้ง่าย
พื้นที่การใช้งาน
- ความหนา 1.5 ซม. ฉาบได้ 1.7-1.8 ตร.ม.
*ข้อมูลผลการทดลองจากห้องปฏิบัติการ",,,,,,,,,,,,,,,,product-images\174208_xl.webp,วัสดุก่อสร้าง,ปูน - ซีเมนต์ - วัสดุเทพื้น,ปูนก่อ - ฉาบ
mortar28,เสือมอร์ตาร์ คอนกรีตแห้ง 240 KSC ,,,"เสือมอร์ตาร์ คอนกรีตแห้ง 240 KSC 50 กก.
ปูนซีเมนต์สำเร็จรูป สำหรับเทเสาเอ็น คานทับหลัง และพื้น สามารถรับแรงได้มากกว่า 240 ksc (BS1881 Part 4) สามารถผสมน้ำและใช้งานได้ทันทีโดยไม่ต้องผสมทราย และหินเพิ่มเติม ช่วยให้ทำงานสะดวก และควบคุมขั้นตอนการทำงานได้ดีขึ้น
- พื้นที่การใช้งาน 0.02 ลูกบาศก์เมตร/ 50 กิโลกรัม
- ผสมคอนกรีตแห้งกับน้ำสะอาด ประมาณ 4.5 ลิตร ต่อคอนกรีตแห้ง 1 ถุง (50 กิโลกรัม)
- ขนาดบรรจุ 50 กิโลกรัม/ถุง

คำแนะนำ การใช้สินค้า
ประมาณน้ำที่ใช้ในการผสมมีผลต่อความแข็งแรงของคอนกรีต จึงควรผสมในอัตราส่วนที่กำหนด
กรณีใช้ไม่ผสม ให้เทน้ำลงไปประมาณ 3 ใน 4 ของปริมาณที่ใช้ เดินเครื่องโม่แล้วค่อยๆเทคอนกรีตแห้งลงไปจนหมดถุง แล้วค่อยเติมน้ำที่เหลือ ให้ผสมต่อไป จนเนื้อเข้ากันดี ให้ได้ความข้นเหลงพอเหมาะ
ไม่ควรผสมน้ำจนเนื้อปูนแหลวเกินไป",,,,,,,,,,,,,,,,product-images\th-11134207-7rasj-m38nsh3pegkndb@resize_w900_nl.webp,วัสดุก่อสร้าง,ปูน - ซีเมนต์ - วัสดุเทพื้น,ปูนก่อ - ฉาบ
mortar29,ปูนเสือ กาวซีเมนต์ เขียว สำหรับกระเบื้องเซรามิค แกรนิตโต้,,,"คุณสมบัติพิเศษของ ปูนกาวตราเสือ เสือ กาวซีเมนต์

- ผสมสารเพิ่มความยึดเกาะพิเศษ

- ลดปัญหากระเบื้องหลุดร่อน

- ลดปัญหาส่วนผสมไม่ได้สัดส่วน

คำแนะนำการใช้ปูนกาวตราเสือ กาวซีเมนต์ สำหรับปูกระเบื้อง

- สำหรับงานปูผนังต้องใช้ตัวยึดกระเบื้องร่วมด้วย เมื่อปูกระเบื้องสูงมากกว่า 8 ม.

- สำหรับงานปูกระเบื้องขนาดใหญ่กว่า 30×30 ซม. ต้องปาดกาวซีเมนต์บนเนื้อผิวที่ต้องการและหลังกระเบื้องเพื่อเพิ่มแรงยึดเกาะ

- สามารถใช้บนผนังฉาบปูน ผนังคอนกรีต พื้นเทปรับระดับ พื้นคอนกรีต ทั้งภายใน และภายนอกอาคาร",,,,,,,,,,,,,,,,product-images\8852437306215.jpg,วัสดุก่อสร้าง,ปูน - ซีเมนต์ - วัสดุเทพื้น,ปูนก่อ - ฉาบ
mortar30,ปูนเสือ กาวซีเมนต์ ชมพู สำหรับกระเบื้องเซรามิค แกรนิตโต้ หินอ่อน หินแกรนิต,,,"ปูนกาวตราเสือ กาวซีเมนต์ ชมพู สำหรับกระเบื้องเซรามิค แกรนิตโต้ หินอ่อน หินแกรนิต
รายละเอียดผลิตภัณฑ์

- สำหรับงานปูพื้นสามารถใช้ได้กับกระเบื้องเซรามิค แกรนิตโต้ หินอ่อน และหินแกรนิต

- สำหรับงานปูผนังสามารถใช้ได้กับกระเบื้องเซรามิคและแกรนิตโต้ ขนาดไม่เกิน 90x90 ซม.

- สำหรับงานปูผนังสามารถใช้ได้กับกระเบื้องหินอ่อนและหินแกรนิต ขนาดไม่เกิน 60x60 ซม.

วิธีการใช้งานปูนกาวตราเสือ กาวซีเมนต์ ชมพู

- ผสมกาวซีเมนต์กับน้ำสะอาด 5.5-6 ลิตร ต่อกาวซีเมนต์ 1 ถุง

- ใช้เกรียงคนให้ทั่ว แล้วใช้เครื่องมือผสมจนเป็นเนื้อเดียวกันจึงนำมาใช้งาน

ปูนกาวตราเสือ กาวซีเมนต์ เขียว สำหรับกระเบื้องเซรามิค แกรนิตโต้",,,,,,,,,,,,,,,,product-images\tigerpink.webp,วัสดุก่อสร้าง,ปูน - ซีเมนต์ - วัสดุเทพื้น,ปูนก่อ - ฉาบ
mortar31,กาวซีเมนต์เสือทอง ปูทับกระเบื้องเดิม ปูสระว่ายน้ำ,,,"คุณลักษณะสำคัญ
ปูนเสือ กาวซีเมนต์ ทอง สำหรับกระเบื้องขนาดใหญ่ยักษ์ สามารถปูทับกระเบื้องเดิม,ปูกระเบื้องเซรามิคในสระว่ายน้ำ หรือ ปูกระเบื้องบนไม้อัดโครงสร้าง และไฟเบอร์ซีเมนต์ ใช้งานได้ทั้งภายนอก-ภายในอาคาร มีสารผสมเพิ่มความยึดเกาะสูงพิเศษ ทำให้มีแรงยึดเกาะระหว่างพื้นผิว และกระเบื้องมากยิ่งขึ้น ทนต่อแรงสั่นสะเทือน
คำแนะนำการใช้งาน
เพื่อให้ได้งานที่มีคุณภาพสูงสุด ควรเลือกกาวซีเมนต์ เสือที่เหมาะสมกับแต่ละชนิดของงาน
ความปลอดภัยด้านการใช้งาน
ผลิตภัณฑ์ ปูนเสือ กาวซีเมนต์ ทอง อาจทำให้ผิวหนังเกิดการระคายเคือง ควรใช้อุปกรณ์ป้องกันความปลอดภัยต่าง ๆ เช่น ถุงมือ หน้ากากกันฝุ่น แว่นตา เป็นต้น ในกรณีที่สัมผัสผิวหนัง ควรล้างออกด้วยน้ำและสบู่ทันที ในกรณีที่เข้าตา ให้ล้างออกด้วยน้ำสะอาดหลาย ๆ ครั้งทันที และรีบไปพบแพทย์",,,,,,,,,,,,,,,,product-images\8852437306567.jpg,วัสดุก่อสร้าง,ปูน - ซีเมนต์ - วัสดุเทพื้น,ปูนก่อ - ฉาบ